drugid,drugname,drug,MAXIMUM,MINIMUM,REORDER QTY
DRG00003,ACETAZOLAMIDE TABLET 250MG,ACETAZOLAMIDE TABLET 250MG,6,2,2
DRG00021,ACICLOVIR TABLET 200MG,ACICLOVIR TABLET 200MG,124,41,50
DRG00022,ACICLOVIR TABLET 400MG,ACICLOVIR TABLET 400MG,169,56,68
DRG00014,ACTILIFE MULTIVITAMIN CAPSULES,ACTILIFE MULTIVITAMIN CAPSULES,927,309,371
0002082,ACTILOSA CAPSULES,ACTILOSA CAPSULES,4,1,2
DRG0001308,ACUPAN INJECTION 20MG,ACUPAN INJECTION 20MG,34,11,14
DRG00017,ACYCLOVIR CREAM (DENK),ACYCLOVIR CREAM (DENK),6,2,2
0000692,ACYCLOVIR CREAM LIPSORE 5%,ACYCLOVIR CREAM LIPSORE 5%,2,1,1
0001336,ACYCLOVIR DENK TABLET 200MG,ACYCLOVIR DENK TABLET 200MG,28,9,11
DRG00027,ADDYZOA TABLET,ADDYZOA TABLET,42,14,17
DRG00028,ADRENALIN INJECTION 1mg/ml,ADRENALIN INJECTION 1mg/ml,4,1,2
0000750,ADULT DIAPERS,ADULT DIAPERS,4,1,2
DRG0000781,AFRIK YOGURT,AFRIK YOGURT,140,47,56
DRG00037,ALBENDAZOLE SUSPENSION,ALBENDAZOLE SUSPENSION,28,9,11
DRG00040,ALBENDAZOLE TABLET 400MG,ALBENDAZOLE TABLET 400MG,66,22,26
DRG00041,ALDOMET TABLET 250MG,ALDOMET TABLET 250MG,73,24,29
0001766,ALEVE-NAPROSEN SODIUM TABS,ALEVE-NAPROSEN SODIUM TABS,4,1,2
DRG00044,ALLOPURINOL TABLET 100MG,ALLOPURINOL TABLET 100MG,6,2,2
DRG00045,ALLOPURINOL TABLET 300MG,ALLOPURINOL TABLET 300MG,37,12,15
DRG00047,AMARYL TABLET 2MG,AMARYL TABLET 2MG,452,151,181
DRG00048,AMARYL TABLET 4MG,AMARYL TABLET 4MG,330,110,132
DRG00051,AMIKACIN INJECTION 500MG,AMIKACIN INJECTION 500MG,8,3,3
DRG00054,AMINOPHYLLINE INJECTION 250mg/10ml,AMINOPHYLLINE INJECTION 250mg/10ml,2,1,1
DRG00055,AMITRIPTYLINE TABLET 10MG,AMITRIPTYLINE TABLET 10MG,108,36,43
DRG00056,AMITRIPTYLINE TABLET 25MG,AMITRIPTYLINE TABLET 25MG,710,237,284
DRG00059,AMLODIPINE TABLET 10MG,AMLODIPINE TABLET 10MG,5583,1861,2233
DRG00060,AMLODIPINE TABLET 5MG,AMLODIPINE TABLET 5MG,2867,956,1147
DRG00062,AMOKSIKLAV INJECTION 1.2G,AMOKSIKLAV INJECTION 1.2G,273,91,109
DRG00063,AMOKSIKLAV INJECTION 600MG,AMOKSIKLAV INJECTION 600MG,31,10,12
0000743,AMOKSIKLAV SUSPENSION 156.25,AMOKSIKLAV SUSPENSION 156.25,21,7,8
DRG00064,AMOKSIKLAV SUSPENSION 228MG,AMOKSIKLAV SUSPENSION 228MG,93,31,37
DRG00065,AMOKSIKLAV SUSPENSION 457MG,AMOKSIKLAV SUSPENSION 457MG,173,58,69
DRG00066,AMOKSIKLAV TABLET 1G,AMOKSIKLAV TABLET 1G,1445,482,578
DRG00067,AMOKSIKLAV TABLET 625MG,AMOKSIKLAV TABLET 625MG,2884,961,1153
0001737,AMOKSIKLAVE SUSP 457 LOCAL,AMOKSIKLAVE SUSP 457 LOCAL,7,2,3
DRG00073,amoksiklave tablet 625 - local,amoksiklave tablet 625 - local,178,59,71
0002087,AMOXICILLIN CAP 500MG UK,AMOXICILLIN CAP 500MG UK,52,17,21
DRG00074,AMOXICILLIN CAPSULE 250mg,AMOXICILLIN CAPSULE 250mg,2690,897,1076
DRG00075,AMOXICILLIN CAPSULE 500mg,AMOXICILLIN CAPSULE 500mg,4455,1485,1782
DRG00076,AMOXICILLIN SUSPENSION 125mg/5ml,AMOXICILLIN SUSPENSION 125mg/5ml,41,14,16
DRG00077,AMPICILLIN INJECTION 500MG,AMPICILLIN INJECTION 500MG,4,1,2
0001173,AMVA DENK 10/160mg,AMVA DENK 10/160mg,207,69,83
0001456,AMVA-DENK 5/160MG,AMVA-DENK 5/160MG,94,31,37
DRG00079,ANGINOVAG SPRAY,ANGINOVAG SPRAY,8,3,3
DRG00080,ankle support,ankle support,1,0,0
0002083,ANTALGEX T (TRAMADOL+PARA CETAMOL),ANTALGEX T (TRAMADOL+PARA CETAMOL),256,85,103
0001168,ANTI EMBOLIC STOCKINGS(PHARMACY),ANTI EMBOLIC STOCKINGS(PHARMACY),4,1,2
DRG00084,ANTI RABBIES VACCINE,ANTI RABBIES VACCINE,7,2,3
0000035,ANTICID PLUS SUSPENSION,ANTICID PLUS SUSPENSION,47,16,19
DRG00089,ANUSOL OINTMENT,ANUSOL OINTMENT,11,4,4
DRG00090,ANUSOL SUPPOSITORY,ANUSOL SUPPOSITORY,113,38,45
DRG00093,APROVASC TABLET 150/10MG,APROVASC TABLET 150/10MG,66,22,26
0001303,APROVASC TABLET 150/5MG,APROVASC TABLET 150/5MG,3,1,1
DRG00094,APROVASC TABLET 300/10MG,APROVASC TABLET 300/10MG,3,1,1
DRG00095,aptizoom,aptizoom,33,11,13
0002147,AQUEOUS CREAM,AQUEOUS CREAM,6,2,2
DRG00098,ARM SLING ADULT,ARM SLING ADULT,6,2,2
DRG00103,ARTESUNATE INJECTION 120MG,ARTESUNATE INJECTION 120MG,167,56,67
0002115,ARTESUNATE INJECTION 180MG,ARTESUNATE INJECTION 180MG,26,9,11
DRG00104,ARTESUNATE INJECTION 30MG,ARTESUNATE INJECTION 30MG,37,12,15
DRG00105,ARTESUNATE INJECTION 60MG,ARTESUNATE INJECTION 60MG,80,27,32
DRG00108,ARTHROTEC TABLET 75MG,ARTHROTEC TABLET 75MG,356,119,143
0002218,ASHVAGANDAHA TABLET,ASHVAGANDAHA TABLET,89,30,36
DRG00110,Asomex Tablet 5mg,Asomex Tablet 5mg,7,2,3
0002159,ASPARAGUS,ASPARAGUS,7,2,3
DRG00112,ASPIRIN CARDIO TABLET 100MG,ASPIRIN CARDIO TABLET 100MG,231,77,92
DRG00113,ASTHALEX SYRUP,ASTHALEX SYRUP,14,5,6
0001081,ASTYMIN-3 INFUSION 200ML,ASTYMIN-3 INFUSION 200ML,6,2,2
DRG00116,ATACAND PLUS TABLET 16/12.5MG,ATACAND PLUS TABLET 16/12.5MG,437,146,175
DRG00119,ATACAND TABLET 16MG,ATACAND TABLET 16MG,166,55,66
DRG00120,Atacand Tablet 32mg/12.5mg,Atacand Tablet 32mg/12.5mg,7,2,3
DRG00122,ATACAND TABLET 8MG,ATACAND TABLET 8MG,342,114,137
DRG00123,ATENOLOL TABLET 50MG,ATENOLOL TABLET 50MG,200,67,80
0001355,ATENOLOL TABLETS 100MG,ATENOLOL TABLETS 100MG,19,6,7
DRG00126,ATORVASTATIN TABLET 10MG,ATORVASTATIN TABLET 10MG,987,329,395
DRG00127,ATORVASTATIN TABLET 20MG,ATORVASTATIN TABLET 20MG,1570,523,628
DRG00128,ATORVASTATIN TABLET 40MG,ATORVASTATIN TABLET 40MG,102,34,41
DRG00131,ATROVENT NEBULES 250MCG,ATROVENT NEBULES 250MCG,53,18,21
0001276,ATROVENT NEBULES 500MCG,ATROVENT NEBULES 500MCG,40,13,16
DRG00653,ATS INJECTION (ANTI-TETANOL SERUM) 1500,ATS INJECTION (ANTI-TETANOL SERUM) 1500,24,8,10
DRG00133,AUGMENTIN SUSPENSION 228MG,AUGMENTIN SUSPENSION 228MG,8,3,3
DRG00134,AUGMENTIN SUSPENSION 457MG,AUGMENTIN SUSPENSION 457MG,23,8,9
DRG00135,AUGMENTIN TABLET 1G,AUGMENTIN TABLET 1G,210,70,84
DRG00136,AUGMENTIN TABLET 625MG,AUGMENTIN TABLET 625MG,222,74,89
DRG00137,AVAMYS NASAL SPRAY,AVAMYS NASAL SPRAY,15,5,6
0001984,AVARIN,AVARIN,69,23,28
DRG00139,AVOMINE TABLET,AVOMINE TABLET,4,1,2
0001945,AXABAN-DENK 5MG,AXABAN-DENK 5MG,3,1,1
DRG00147,AZITHROMYCIN CAPS 500MG,AZITHROMYCIN CAPS 500MG,115,38,46
DRG00145,AZITHROMYCIN CAPSULE 250MG,AZITHROMYCIN CAPSULE 250MG,1465,488,586
DRG00146,AZITHROMYCIN SUSPENSION 200mg/5ml,AZITHROMYCIN SUSPENSION 200mg/5ml,152,51,61
DRG00149,AZOMAX CAPSULE 500MG,AZOMAX CAPSULE 500MG,3,1,1
0002076,BACTIFLOX TABLET 500MG,BACTIFLOX TABLET 500MG,9,3,4
0001498,BAYER ASPIRIN 325 500,BAYER ASPIRIN 325 500,44,15,18
DRG00156,BELLS BABY COUGH MIX,BELLS BABY COUGH MIX,2,1,1
DRG00160,BENDROFLUAZIDE TABLET 2.5MG UK,BENDROFLUAZIDE TABLET 2.5MG UK,2831,944,1132
0001961,BENZATHINE BENZYLPENICILLIN INJECTION 1.2IU,BENZATHINE BENZYLPENICILLIN INJECTION 1.2IU,11,4,4
DRG00166,BENZYL BENZOATE LOTION,BENZYL BENZOATE LOTION,11,4,4
0002096,BETADINE GARGLE 2% 100ML,BETADINE GARGLE 2% 100ML,7,2,3
0002090,BETADINE OINTMENT,BETADINE OINTMENT,33,11,13
0002250,BETADINE SOLUTION 10% 100ML,BETADINE SOLUTION 10% 100ML,11,4,4
0002263,BETAHISTINE TABLET 16MG,BETAHISTINE TABLET 16MG,3,1,1
DRG00171,BETNOVATE - C CREAM 15GM,BETNOVATE - C CREAM 15GM,11,4,4
DRG00172,BG-GLUTAMINE PLUS TABLET,BG-GLUTAMINE PLUS TABLET,606,202,243
DRG00185,BISACODYL TABLET 5MG,BISACODYL TABLET 5MG,11,4,4
DRG00187,Bisoprolol Tablet 5mg,Bisoprolol Tablet 5mg,56,19,22
DRG00190,BONAPLEX SYRUP,BONAPLEX SYRUP,11,4,4
DRG00193,BONJELA ORAL GEL ADULT 15gm,BONJELA ORAL GEL ADULT 15gm,9,3,4
DRG00192,BONJELA ORAL GEL BABY 15gm,BONJELA ORAL GEL BABY 15gm,8,3,3
DRG00195,BONNISAN SYRUP,BONNISAN SYRUP,3,1,1
0001213,BREATHEZY L TABLET,BREATHEZY L TABLET,44,15,18
DRG00199,BRUFEN SYRUP,BRUFEN SYRUP,132,44,53
DRG00201,BRUFEN TABLET 400MG,BRUFEN TABLET 400MG,1339,446,535
DRG00204,BUSCOPAN INJECTION 20MG,BUSCOPAN INJECTION 20MG,124,41,50
DRG00205,BUSCOPAN TABLET 10MG,BUSCOPAN TABLET 10MG,2105,702,842
0001803,CACHNERVE PLUS CAPSULE,CACHNERVE PLUS CAPSULE,70,23,28
DRG00209,CADIPHEN COUGH SYRUP,CADIPHEN COUGH SYRUP,17,6,7
DRG00212,CAFERGOT TABLET,CAFERGOT TABLET,48,16,19
DRG00214,CALAMINE CREAM,CALAMINE CREAM,11,4,4
DRG00216,CALAMINE LOTION 100,CALAMINE LOTION 100,6,2,2
DRG00217,CALAMINE LOTION 200ML,CALAMINE LOTION 200ML,2,1,1
DRG00223,Calcium Gluconate Injection,Calcium Gluconate Injection,6,2,2
DRG00225,CALCIUM TABLET,CALCIUM TABLET,1350,450,540
DRG00227,CALCURY TABLET,CALCURY TABLET,9,3,4
DRG00230,CALPOL 2+ SUSPENSION 100ML,CALPOL 2+ SUSPENSION 100ML,33,11,13
DRG00231,CALPOL 6+ SUSPENSION 100ML,CALPOL 6+ SUSPENSION 100ML,33,11,13
DRG00233,CANDIBIOTIC EAR DROP,CANDIBIOTIC EAR DROP,6,2,2
0000912,CANDID B CREAM,CANDID B CREAM,11,4,4
0000913,CANDID POWDER,CANDID POWDER,11,4,4
DRG00236,Candid TV Shampoo,Candid TV Shampoo,2,1,1
DRG00208,CANDID V GEL,CANDID V GEL,4,1,2
DRG00238,CANDID V3 PESSARY,CANDID V3 PESSARY,31,10,12
DRG00241,CARBAMAZEPINE SR TABLET 200MG,CARBAMAZEPINE SR TABLET 200MG,15,5,6
0001922,CARBIMAZOLE 20MG TABLETS,CARBIMAZOLE 20MG TABLETS,70,23,28
DRG00242,CARBIMAZOLE TABLET 5MG,CARBIMAZOLE TABLET 5MG,157,52,63
DRG00251,CARVEDILOL TABLET 12.5MG,CARVEDILOL TABLET 12.5MG,165,55,66
DRG00252,CARVEDILOL TABLET 25MG,CARVEDILOL TABLET 25MG,87,29,35
DRG00253,CARVEDILOL TABLET 3.125MG,CARVEDILOL TABLET 3.125MG,68,23,27
DRG00254,CARVEDILOL TABLET 6.25MG,CARVEDILOL TABLET 6.25MG,110,37,44
DRG00255,CATAFLAM TABLET 50MG,CATAFLAM TABLET 50MG,271,90,108
DRG00257,CEBROTONIN TABLET,CEBROTONIN TABLET,89,30,36
DRG00259,CEFIXIME SUSPENSION,CEFIXIME SUSPENSION,29,10,11
DRG00261,CEFIXIME TABLET 200MG,CEFIXIME TABLET 200MG,787,262,315
DRG00264,CEFTRIAXONE INJECTION 1G,CEFTRIAXONE INJECTION 1G,772,257,309
DRG00269,CEFUROXIME INJECTION 750MG,CEFUROXIME INJECTION 750MG,182,61,73
DRG00270,CEFUROXIME SUSPENSION 125mg/5ml,CEFUROXIME SUSPENSION 125mg/5ml,87,29,35
DRG00271,CEFUROXIME TABLET 250MG,CEFUROXIME TABLET 250MG,493,164,197
DRG00272,CEFUROXIME TABLET 500MG,CEFUROXIME TABLET 500MG,2232,744,893
DRG00273,CELEBREX CAPSULES,CELEBREX CAPSULES,103,34,41
DRG00275,CELECOXIB CASULES 200MG,CELECOXIB CASULES 200MG,4059,1353,1624
0002122,CELECOXIB TABS UK,CELECOXIB TABS UK,12,4,5
DRG00277,CERUMOL EAR DROP,CERUMOL EAR DROP,4,1,2
DRG00278,CERVICAL COLLAR-HARD,CERVICAL COLLAR-HARD,2,1,1
DRG00279,CERVICAL COLLAR-SOFT,CERVICAL COLLAR-SOFT,3,1,1
DRG00280,CETIRIZEN SYRUP,CETIRIZEN SYRUP,210,70,84
DRG00281,CETIRIZINE TABLET 10MG,CETIRIZINE TABLET 10MG,3028,1009,1211
DRG00283,CHLORAMPHENICOL EYE DROP,CHLORAMPHENICOL EYE DROP,2,1,1
DRG00284,CHLORAMPHENICOL EYE OINTMENT,CHLORAMPHENICOL EYE OINTMENT,2,1,1
DRG00291,CHYMORAL TABLET,CHYMORAL TABLET,4,1,2
0001072,CHYMOTRYPSIN(MIMORAL) 50000U TABS,CHYMOTRYPSIN(MIMORAL) 50000U TABS,7,2,3
DRG00295,CIPRO-DENK TABLET 500MG,CIPRO-DENK TABLET 500MG,391,130,156
DRG00296,CIPROFLOXACIN EYE OINTMENT,CIPROFLOXACIN EYE OINTMENT,2,1,1
DRG00297,CIPROFLOXACIN EYE/EAR DROP,CIPROFLOXACIN EYE/EAR DROP,15,5,6
DRG00299,CIPROFLOXACIN SUSPENSION,CIPROFLOXACIN SUSPENSION,119,40,48
DRG00302,CIPROFLOXACIN TABLET 500MG,CIPROFLOXACIN TABLET 500MG,3172,1057,1269
DRG00305,CIPROLEX-TZ TABLET,CIPROLEX-TZ TABLET,1628,543,651
0002217,CITALOPRAM TABLET 10MG,CITALOPRAM TABLET 10MG,14,5,6
0001207,CITICOLIN SACHET,CITICOLIN SACHET,173,58,69
DRG00307,CLARITHROMYCIN SUSPENSION,CLARITHROMYCIN SUSPENSION,3,1,1
DRG00308,CLARITHROMYCIN TABLET 250MG,CLARITHROMYCIN TABLET 250MG,232,77,93
DRG00309,CLARITHROMYCIN TABLET 500MG,CLARITHROMYCIN TABLET 500MG,1699,566,680
DRG00310,CLARITIN SYRUP,CLARITIN SYRUP,10,3,4
DRG00313,CLEXANE INJECTION 40MG,CLEXANE INJECTION 40MG,33,11,13
0001180,CLEXANE INJECTION 60MG,CLEXANE INJECTION 60MG,2,1,1
0002160,CLEXANE INJECTION 80MG,CLEXANE INJECTION 80MG,6,2,2
DRG00314,CLINDAMYCIN CAPSULE 150MG,CLINDAMYCIN CAPSULE 150MG,250,83,100
DRG00315,CLINDAMYCIN CAPSULE 300MG,CLINDAMYCIN CAPSULE 300MG,1251,417,500
DRG00316,CLINDAMYCIN INJECTION 300MG,CLINDAMYCIN INJECTION 300MG,111,37,44
0002238,CLINDAMYCIN SUSPENSION,CLINDAMYCIN SUSPENSION,22,7,9
DRG00317,Clomid Tablet 50mg,Clomid Tablet 50mg,21,7,8
DRG00318,CLOPIDOGREL TABLET 75MG,CLOPIDOGREL TABLET 75MG,2049,683,819
DRG00319,CLOTRI-DENK CREAM 1%,CLOTRI-DENK CREAM 1%,17,6,7
DRG00320,CLOTRI-DENK PESSARY,CLOTRI-DENK PESSARY,80,27,32
0002294,CLOTRIMAZOLE PESSARIES 100MG,CLOTRIMAZOLE PESSARIES 100MG,18,6,7
0001329,CLOTRIMAZOLE SOAP,CLOTRIMAZOLE SOAP,6,2,2
0002209,CO-AMOKSIKLAV SUSPENSION 228,CO-AMOKSIKLAV SUSPENSION 228,29,10,11
0002293,CO-AMOKSIKLAV SUSPENSION 457,CO-AMOKSIKLAV SUSPENSION 457,17,6,7
0002141,CO-AMOKSIKLAV TABLET 625MG,CO-AMOKSIKLAV TABLET 625MG,161,54,64
DRG00328,COARTEM TABLET 80/480 ADULT,COARTEM TABLET 80/480 ADULT,25,8,10
0002100,COCETAPOL TABLET 30/500MG,COCETAPOL TABLET 30/500MG,244,81,98
0002099,COCETAPOL TABLET 8/500MH,COCETAPOL TABLET 8/500MH,87,29,35
0000024,CO-CODAMOL TABLET 30/500MG,CO-CODAMOL TABLET 30/500MG,11,4,4
0002271,CO-CODAMOL TABLET 8/500MG,CO-CODAMOL TABLET 8/500MG,58,19,23
DRG00329,CO-DIOVAN TABLET 160/12.5MG,CO-DIOVAN TABLET 160/12.5MG,277,92,111
0001179,CO-DIOVAN TABLET 80/12.5MG,CO-DIOVAN TABLET 80/12.5MG,66,22,26
DRG00334,CO-MICARDIS 40/12.5mg,CO-MICARDIS 40/12.5mg,22,7,9
DRG00335,CO-MICARDIS TABLET 80/12.5mg,CO-MICARDIS TABLET 80/12.5mg,37,12,15
DRG00337,CONFIDO TABLET,CONFIDO TABLET,156,52,62
DRG00338,CONTIFLO XL CAPSULE,CONTIFLO XL CAPSULE,3,1,1
DRG00341,CORSODYL MOUTHWASH 500ML,CORSODYL MOUTHWASH 500ML,9,3,4
DRG00346,COVERAM 5MG/10MG TAB,COVERAM 5MG/10MG TAB,23,8,9
DRG00347,COVERAM TABLET 10MG/10MG,COVERAM TABLET 10MG/10MG,96,32,38
DRG00348,COVERAM TABLET 10MG/5MG,COVERAM TABLET 10MG/5MG,17,6,7
DRG00349,COVERAM TABLET 5MG/5MG,COVERAM TABLET 5MG/5MG,20,7,8
DRG00350,COVERSYL PLUS TABLET 10MG/2.5MG,COVERSYL PLUS TABLET 10MG/2.5MG,89,30,36
DRG00351,COVERSYL PLUS TABLET 5MG/1.25MG,COVERSYL PLUS TABLET 5MG/1.25MG,13,4,5
DRG00352,COVERSYL TABLET 10MG,COVERSYL TABLET 10MG,66,22,26
DRG00353,COVERSYL TABLET 5MG,COVERSYL TABLET 5MG,59,20,24
0002224,C-PRESS EYE DROP,C-PRESS EYE DROP,6,2,2
DRG00356,CREPE BANDAGE 4 INCHES,CREPE BANDAGE 4 INCHES,27,9,11
DRG00357,CREPE BANDAGE 6 INCHES,CREPE BANDAGE 6 INCHES,35,12,14
DRG00358,CRESTOR TABLET 10MG,CRESTOR TABLET 10MG,807,269,323
DRG00359,CRESTOR TABLET 20MG,CRESTOR TABLET 20MG,932,311,373
DRG00360,CRESTOR TABLET 5MG,CRESTOR TABLET 5MG,9,3,4
DRG01441,CRYSTALLINE PENICILLIN INJECTION,CRYSTALLINE PENICILLIN INJECTION,1237,412,495
DRG00363,CYCLOGEST PESSARY 200MG,CYCLOGEST PESSARY 200MG,44,15,18
DRG00364,CYCLOGEST PESSARY 400MG,CYCLOGEST PESSARY 400MG,20,7,8
DRG01445,CYSTONE TABLET,CYSTONE TABLET,107,36,43
DRG01444,CYTOTEC TABLET,CYTOTEC TABLET,64,21,26
DRG00367,DAFLON TABLET,DAFLON TABLET,241,80,96
DRG00374,DALACIN C CAPSULE 150MG,DALACIN C CAPSULE 150MG,79,26,32
DRG00375,DALACIN C CAPSULE 300MG,DALACIN C CAPSULE 300MG,109,36,44
DRG00381,D-ARTEPP TABLET 60MG/480MG,D-ARTEPP TABLET 60MG/480MG,11,4,4
DRG00385,DEEP HEAT SPRAY,DEEP HEAT SPRAY,4,1,2
DRG00388,DEPO MEDROL INJECTION 40MG,DEPO MEDROL INJECTION 40MG,6,2,2
DRG00389,DEPO-PROVERA INJECTION 150MG,DEPO-PROVERA INJECTION 150MG,6,2,2
DRG00391,DERIVA CREAM,DERIVA CREAM,2,1,1
DRG00392,Dermacot Cream,Dermacot Cream,33,11,13
DRG00396,DESLORA-DENK,DESLORA-DENK,73,24,29
DRG00397,DESLORATIDINE TABLET 5MG,DESLORATIDINE TABLET 5MG,22,7,9
0001055,DEXAMETHASONE EYE DROPS,DEXAMETHASONE EYE DROPS,22,7,9
DRG00398,DEXAMETHASONE INJECTION,DEXAMETHASONE INJECTION,28,9,11
DRG00400,DEXAMETHASONE TABLET 0.5MG,DEXAMETHASONE TABLET 0.5MG,11,4,4
DRG00402,dexamethasone tablet 4mg,dexamethasone tablet 4mg,6,2,2
0002231,DEXPURE TABLET,DEXPURE TABLET,50,17,20
DRG01452,DIABECON TABLET,DIABECON TABLET,317,106,127
DRG00414,DIAMICRON MR TABLET 30MG,DIAMICRON MR TABLET 30MG,25,8,10
DRG00415,DIAMICRON MR TABLET 60MG,DIAMICRON MR TABLET 60MG,277,92,111
DRG00416,DIAZEPAM INJECTION 10mg/2ml,DIAZEPAM INJECTION 10mg/2ml,17,6,7
DRG00418,DIAZEPAM TABLET 5MG,DIAZEPAM TABLET 5MG,351,117,140
DRG00419,DICLO-DENK SUPPOSITORY,DICLO-DENK SUPPOSITORY,284,95,114
DRG00422,DICLOFENAC EYE DROP,DICLOFENAC EYE DROP,4,1,2
DRG00423,DICLOFENAC HEAT GEL,DICLOFENAC HEAT GEL,166,55,66
DRG00426,DICLOFENAC INJECTION 75MG/3ML,DICLOFENAC INJECTION 75MG/3ML,110,37,44
DRG00427,DICLOFENAC SPRAY,DICLOFENAC SPRAY,3,1,1
DRG00428,DICLOFENAC SUPPOSITORY 100MG,DICLOFENAC SUPPOSITORY 100MG,659,220,264
DRG00425,Diclofenac Tab 50mg,Diclofenac Tab 50mg,304,101,121
DRG00431,DICLOFENAC TABLET 75MG,DICLOFENAC TABLET 75MG,1406,469,562
0001469,DICLOLEX HEAT SPRAY,DICLOLEX HEAT SPRAY,8,3,3
0001468,DICLOLEX PLUS TABLET,DICLOLEX PLUS TABLET,309,103,124
DRG00437,DIOVAN TABLET 160MG,DIOVAN TABLET 160MG,124,41,50
0001332,DIPROFOS INJECTION,DIPROFOS INJECTION,6,2,2
0001954,DOBUTAMINE INJECTION 250MG,DOBUTAMINE INJECTION 250MG,6,2,2
DRG00445,DORETA TABLET,DORETA TABLET,867,289,347
0001079,DORMICUM TABLETS 15MG,DORMICUM TABLETS 15MG,6,2,2
DRG00447,DOSTINEX TABLET 0.5MG,DOSTINEX TABLET 0.5MG,4,1,2
DRG00450,DOXYCYCLINE CAPSULE 100MG,DOXYCYCLINE CAPSULE 100MG,915,305,366
DRG00452,DREZ OINTMENT 10G,DREZ OINTMENT 10G,11,4,4
DRG00453,DREZ OINTMENT 30G,DREZ OINTMENT 30G,11,4,4
DRG00455,DREZ SOLUTION 100ML,DREZ SOLUTION 100ML,33,11,13
DRG00454,DREZ SOLUTION 30ML,DREZ SOLUTION 30ML,7,2,3
0001333,DUOTRAV EYE DROP,DUOTRAV EYE DROP,2,1,1
DRG00461,DUPHASTON 10MG TABLET,DUPHASTON 10MG TABLET,61,20,24
0001211,DYNAMOGEN ORAL SOLUTION,DYNAMOGEN ORAL SOLUTION,141,47,56
DRG00464,E-45 CREAM 125G,E-45 CREAM 125G,6,2,2
0002093,E-45 CREAM CREAM 500ML (PUMP),E-45 CREAM CREAM 500ML (PUMP),2,1,1
DRG00469,ELOCOM CREAM 15G,ELOCOM CREAM 15G,2,1,1
DRG00472,EMGIKOF-D SYRUP,EMGIKOF-D SYRUP,13,4,5
DRG00473,EMGIKOF-S SYRUP,EMGIKOF-S SYRUP,12,4,5
0002317,EMPAGLIFLOZIN TABLET 10MG,EMPAGLIFLOZIN TABLET 10MG,3,1,1
DRG00475,ENAPHOX SUSPENSION,ENAPHOX SUSPENSION,21,7,8
DRG00476,ENAPHOX TABLET 200MG,ENAPHOX TABLET 200MG,384,128,154
0001451,ENAT CAPS 400IU,ENAT CAPS 400IU,135,45,54
DRG00477,ENCIFER INJECTIOn,ENCIFER INJECTIOn,2,1,1
0002069,ENOXAPARIN INJECTION,ENOXAPARIN INJECTION,30,10,12
DRG00480,ENTEROGEMINA SOLUTION,ENTEROGEMINA SOLUTION,194,65,77
0000726,EPHEDRINE INJECTION,EPHEDRINE INJECTION,6,2,2
0002266,EPICROM EYE DROP 2%,EPICROM EYE DROP 2%,11,4,4
DRG00483,EPICROM EYE DROP 4%,EPICROM EYE DROP 4%,2,1,1
0001126,EPOSOFT SOFTGEL CAPS,EPOSOFT SOFTGEL CAPS,7,2,3
DRG00491,ERYTHROMYCIN SUSPENSION,ERYTHROMYCIN SUSPENSION,11,4,4
DRG00489,ERYTHROMYCIN TABLET 250MG,ERYTHROMYCIN TABLET 250MG,187,62,75
DRG00496,ESOMEPRAZOLE INJECTION 40MG,ESOMEPRAZOLE INJECTION 40MG,95,32,38
DRG00497,ESOMEPRAZOLE TABLET 20MG,ESOMEPRAZOLE TABLET 20MG,1324,441,530
DRG00498,ESOMEPRAZOLE TABLET 40MG,ESOMEPRAZOLE TABLET 40MG,787,262,315
0001982,ETORICOXIB-120,ETORICOXIB-120,56,19,22
0001983,ETORICOXIB-90,ETORICOXIB-90,29,10,11
0002047,EUGICA SYRUP,EUGICA SYRUP,11,4,4
DRG00501,EVECARE TABLET,EVECARE TABLET,254,85,102
0001734,EVENING PRIMROSE CAPSULE 1000MG,EVENING PRIMROSE CAPSULE 1000MG,50,17,20
DRG00502,EVENING PRIMROSE CAPSULES 500MG,EVENING PRIMROSE CAPSULES 500MG,3,1,1
0001216,EVINAL VAGINAL PESSERIES,EVINAL VAGINAL PESSERIES,58,19,23
DRG00506,EXFORGE HCT TABLET 10/160/12.5MG,EXFORGE HCT TABLET 10/160/12.5MG,1993,664,797
DRG00511,EXFORGE TABLET 10/160MG,EXFORGE TABLET 10/160MG,1319,440,528
DRG00512,EXFORGE TABLET 5/160MG,EXFORGE TABLET 5/160MG,255,85,102
0001807,EZOTOL MULTIVITAMIN CAPS,EZOTOL MULTIVITAMIN CAPS,426,142,170
DRG00976,FACE MASK WITH BAG (ADULT),FACE MASK WITH BAG (ADULT),6,2,2
DRG00977,FACE MASK WITH BAG (CHILD),FACE MASK WITH BAG (CHILD),6,2,2
DRG00517,FASTUM GEL 100G,FASTUM GEL 100G,9,3,4
DRG00519,FASTUM GEL 20G,FASTUM GEL 20G,10,3,4
DRG00520,FASTUM GEL 50G,FASTUM GEL 50G,8,3,3
0002123,FEBRIEX SYRUP(PARA +DEXTROMETH+CHLOR 150ML),FEBRIEX SYRUP(PARA +DEXTROMETH+CHLOR 150ML),22,7,9
0002124,FEBRILEX JNR(PARA/CHLOR) SYRUP,FEBRILEX JNR(PARA/CHLOR) SYRUP,2,1,1
0002211,FEBUDAY TABLET 80MG,FEBUDAY TABLET 80MG,10,3,4
DRG00521,FEBUXOSTAT TABLET 40MG (FEBUDAY),FEBUXOSTAT TABLET 40MG (FEBUDAY),52,17,21
0000803,FEMOM TABLET,FEMOM TABLET,627,209,251
0001227,FENZA SOFTGEL CAPSULE,FENZA SOFTGEL CAPSULE,97,32,39
0001178,FEROGLOBIN CAPS,FEROGLOBIN CAPS,154,51,62
DRG00523,FEROGLOBIN SYRUP,FEROGLOBIN SYRUP,12,4,5
0002221,FERROFANT BABY DROPS,FERROFANT BABY DROPS,9,3,4
0001352,FERROLEX SYRUP,FERROLEX SYRUP,10,3,4
DRG00527,FERROUS SULPHATE TABLET 200MG,FERROUS SULPHATE TABLET 200MG,424,141,169
0000875,FINASTERIDE TABLET 5MG,FINASTERIDE TABLET 5MG,226,75,90
0002102,FLEMEX 5% SYRUP ADULT,FLEMEX 5% SYRUP ADULT,29,10,11
DRG00538,FLEMING SUSPENSION 228MG,FLEMING SUSPENSION 228MG,10,3,4
0001272,FLEMING TABLET 1G,FLEMING TABLET 1G,231,77,92
0000718,FLEXES,FLEXES,48,16,19
0001932,FLORADISH SYRUP,FLORADISH SYRUP,3,1,1
DRG00544,FLOTAC CAPSULE 75MG,FLOTAC CAPSULE 75MG,935,312,374
DRG00545,FLUCLOXACILLIN CAPSULE 250MG,FLUCLOXACILLIN CAPSULE 250MG,159,53,63
DRG00546,FLUCLOXACILLIN CAPSULE 500MG,FLUCLOXACILLIN CAPSULE 500MG,499,166,200
DRG00550,FLUCLOXACILLIN SUSPENSION 125MG,FLUCLOXACILLIN SUSPENSION 125MG,34,11,13
0001450,FLUCLOXASCILLIN INJECTION 500MG,FLUCLOXASCILLIN INJECTION 500MG,11,4,4
DRG00551,FLUCONA-DENK CAPSULE 100MG,FLUCONA-DENK CAPSULE 100MG,45,15,18
DRG00552,FLUCONA-DENK CAPSULE 150MG,FLUCONA-DENK CAPSULE 150MG,35,12,14
DRG00553,FLUCONAZOLE CAPSULE 150MG,FLUCONAZOLE CAPSULE 150MG,96,32,38
0001460,FLUOXETINE CAPS 20MG,FLUOXETINE CAPS 20MG,11,4,4
DRG00557,FLUXAMOX CAPSULES 500MG,FLUXAMOX CAPSULES 500MG,127,42,51
DRG00558,FLUXAMOX SUSPENSION,FLUXAMOX SUSPENSION,2,1,1
DRG00559,FML-NEO EYE DROP,FML-NEO EYE DROP,3,1,1
DRG00562,FOLIC ACID TABLET,FOLIC ACID TABLET,3734,1245,1494
0001070,FOLIGROW CAPS,FOLIGROW CAPS,1080,360,432
0001071,FOLIGROW SYRUP 200ML,FOLIGROW SYRUP 200ML,10,3,4
0002249,FORACORT INHALER,FORACORT INHALER,3,1,1
0002150,FORTIDE INHALER,FORTIDE INHALER,11,4,4
DRG00566,FORTIFERRUM P,FORTIFERRUM P,61,20,24
DRG00568,FORXIGA TABLETS 10MG,FORXIGA TABLETS 10MG,804,268,322
0002246,FOSFOMYCIN SACHET,FOSFOMYCIN SACHET,10,3,4
DRG00572,FREE FLEX TABLET,FREE FLEX TABLET,191,64,77
0002158,FREEZE SPRAY,FREEZE SPRAY,6,2,2
0002216,FRELEX TABLET 75MG,FRELEX TABLET 75MG,10,3,4
DRG00577,FUROSEMIDE INJECTION 20MG,FUROSEMIDE INJECTION 20MG,102,34,41
DRG00579,FUROSEMIDE TABLET 20MG,FUROSEMIDE TABLET 20MG,43,14,17
DRG00580,FUROSEMIDE TABLET 40MG,FUROSEMIDE TABLET 40MG,770,257,308
0002297,GABAPENTIN 100MG CAPS,GABAPENTIN 100MG CAPS,11,4,4
DRG00582,GABAPENTIN CAPSULE 300M,GABAPENTIN CAPSULE 300M,42,14,17
DRG00586,GALVUS TABLET 50MG,GALVUS TABLET 50MG,114,38,46
DRG00583,GALVUS-MET TABLET 50/1000,GALVUS-MET TABLET 50/1000,2592,864,1037
DRG00584,GALVUS-MET TABLET 50/500MG,GALVUS-MET TABLET 50/500MG,253,84,101
DRG00596,GENTAMYCIN EYE/EAR DROP,GENTAMYCIN EYE/EAR DROP,14,5,6
DRG00597,GENTAMYCIN INJECTION,GENTAMYCIN INJECTION,170,57,68
DRG00598,GILOBA CAPSULES,GILOBA CAPSULES,33,11,13
0001350,GINSOMIN CAPSULE,GINSOMIN CAPSULE,102,34,41
0001351,GINSOMIN EVE,GINSOMIN EVE,106,35,42
DRG00599,GIVING SET,GIVING SET,843,281,337
DRG00600,GLIBENCLAMIDE TABLET 5MG,GLIBENCLAMIDE TABLET 5MG,1248,416,499
0002148,GLUCANIX-MET TABLET 50/500MG,GLUCANIX-MET TABLET 50/500MG,121,40,48
0002145,GLUCANIX-MET TABLET 50MG/1000MG,GLUCANIX-MET TABLET 50MG/1000MG,413,138,165
DRG00608,GLUCOSAMINE & CHONDROITIN CAPSULE,GLUCOSAMINE & CHONDROITIN CAPSULE,1106,369,442
0001361,GLYCERYL TRINITRATE 0.5MG TABS,GLYCERYL TRINITRATE 0.5MG TABS,1,0,0
DRG00615,Glyceryl Trinitrate Spray,Glyceryl Trinitrate Spray,3,1,1
0001028,GO GEL 30MG,GO GEL 30MG,20,7,8
0000959,GOFEX CAPSULES 400MG,GOFEX CAPSULES 400MG,180,60,72
DRG00618,GRISEOFULVIN SUSPENSION,GRISEOFULVIN SUSPENSION,9,3,4
DRG00619,GRISEOFULVIN TABLET 125MG,GRISEOFULVIN TABLET 125MG,116,39,47
DRG00620,GRISEOFULVIN TABLET 500MG,GRISEOFULVIN TABLET 500MG,282,94,113
DRG00623,GYNOMYCOLEX PESSARIES 400,GYNOMYCOLEX PESSARIES 400,31,10,12
DRG00625,HAEM-UP INJECTION,HAEM-UP INJECTION,11,4,4
DRG00626,HAEM-UP SYRUP,HAEM-UP SYRUP,23,8,9
DRG00629,HEPATITIS B IMMUNOGLOBULIN,HEPATITIS B IMMUNOGLOBULIN,11,4,4
DRG00630,HEPATITIS B INJECTION VACCIN -ADULT,HEPATITIS B INJECTION VACCIN -ADULT,9,3,4
0002237,HEPATITIS B VACCINE CHILD,HEPATITIS B VACCINE CHILD,11,4,4
DRG00631,HISTERGAN CREAM,HISTERGAN CREAM,6,2,2
DRG00635,HOT WATER BOTTLE,HOT WATER BOTTLE,3,1,1
0002077,HYDROCHLOROTHIAZIDE TABLET,HYDROCHLOROTHIAZIDE TABLET,8,3,3
0002296,HYDROCORTISONE CREAM 15G,HYDROCORTISONE CREAM 15G,18,6,7
DRG00638,HYDROCORTISONE INJECTION 100MG,HYDROCORTISONE INJECTION 100MG,402,134,161
DRG00639,HYDROGEN PEROXIDE MIST,HYDROGEN PEROXIDE MIST,12,4,5
DRG00640,Hydroxychloroquine Tablet 200mg,Hydroxychloroquine Tablet 200mg,13,4,5
0002065,HYPERTONIC NORMAL SALINE,HYPERTONIC NORMAL SALINE,30,10,12
0001075,IICARE CAPS 30,IICARE CAPS 30,59,20,24
0000724,INSUGEN-R 100IU INJECTION,INSUGEN-R 100IU INJECTION,48,16,19
DRG00664,IPRATROPIUM BROMIDE NEBULES 250MCG,IPRATROPIUM BROMIDE NEBULES 250MCG,65,22,26
0002302,IPRATROPIUM BROMIDE NEBULES 500MCG,IPRATROPIUM BROMIDE NEBULES 500MCG,31,10,12
DRG00667,Isosorbide Dinitrate Tablet 10mg,Isosorbide Dinitrate Tablet 10mg,12,4,5
DRG00668,ITRACONAZOLE CAPSULE 100MG,ITRACONAZOLE CAPSULE 100MG,55,18,22
0001906,I-UP TABLET,I-UP TABLET,567,189,227
DRG00671,IV 10% DEXTROSE IN 1//5NORMAL SALINE,IV 10% DEXTROSE IN 1//5NORMAL SALINE,3,1,1
DRG00673,IV 4.3% DEXTROSE SALINE 250ML,IV 4.3% DEXTROSE SALINE 250ML,282,94,113
DRG00674,IV 4.3% DEXTROSE SALINE 500ML,IV 4.3% DEXTROSE SALINE 500ML,53,18,21
DRG00676,IV CIPROFLOXACIN,IV CIPROFLOXACIN,310,103,124
DRG00678,IV DEXTROSE 10% 500ML,IV DEXTROSE 10% 500ML,17,6,7
DRG00679,IV DEXTROSE 5%,IV DEXTROSE 5%,15,5,6
DRG00683,IV DEXTROSE SALINE 500ML,IV DEXTROSE SALINE 500ML,544,181,218
DRG01507,IV FLAGYL(Metronidazole),IV FLAGYL(Metronidazole),373,124,149
0001208,IV HALOPERIDOL,IV HALOPERIDOL,6,2,2
0002229,IV IBUPROFEN 400MG,IV IBUPROFEN 400MG,20,7,8
DRG00684,IV MANITOL 10% 500ML,IV MANITOL 10% 500ML,7,2,3
0002085,IV NORMAL SALINE 100ML,IV NORMAL SALINE 100ML,299,100,119
DRG00686,IV NORMAL SALINE 250ML,IV NORMAL SALINE 250ML,30,10,12
DRG00687,IV NORMAL SALINE 500ML,IV NORMAL SALINE 500ML,611,204,245
DRG00688,IV RINGER LACTATE 500ML,IV RINGER LACTATE 500ML,455,152,182
DRG00692,JARDIANCE TABLET 10MG,JARDIANCE TABLET 10MG,77,26,31
DRG00693,JARDIANCE TABLET 25MG,JARDIANCE TABLET 25MG,99,33,40
DRG00700,KAMAKLOX MOUTHWASH,KAMAKLOX MOUTHWASH,15,5,6
DRG00701,KEFROX SUSPENSION,KEFROX SUSPENSION,45,15,18
DRG00702,KENALOG INJECTION 40mg,KENALOG INJECTION 40mg,4,1,2
0002108,KEPPRA TABLET 500MG,KEPPRA TABLET 500MG,4,1,2
DRG00704,KETESE INJECTION,KETESE INJECTION,48,16,19
DRG00705,KETESSE TABLET (dexketoprofen trometamol),KETESSE TABLET (dexketoprofen trometamol),117,39,47
0001331,KETOCONAZOL SOAP,KETOCONAZOL SOAP,6,2,2
0001204,KETOCONAZOLE CREAM 30G,KETOCONAZOLE CREAM 30G,10,3,4
0001077,KETOCONAZOLE SHAMPOL 100ML,KETOCONAZOLE SHAMPOL 100ML,8,3,3
DRG00708,KLOVINAL VAGINAL PESSARY,KLOVINAL VAGINAL PESSARY,23,8,9
DRG00709,KNEE SUPPORT,KNEE SUPPORT,6,2,2
0002219,KOFLET EX LINCTUS SYRUP,KOFLET EX LINCTUS SYRUP,4,1,2
0002273,KOFLET SF SYRUP,KOFLET SF SYRUP,33,11,13
0002220,KOFLET ST LINCTUS SYRUP,KOFLET ST LINCTUS SYRUP,3,1,1
DRG00711,KOFLET SYRUP,KOFLET SYRUP,47,16,19
DRG00712,KOFLET-H LOZENGES,KOFLET-H LOZENGES,254,85,102
DRG00717,KOMBIGLYZE TABLET 2.5/1000MG,KOMBIGLYZE TABLET 2.5/1000MG,176,59,70
DRG00718,KOMBIGLYZE TABLET 5/1000MG,KOMBIGLYZE TABLET 5/1000MG,29,10,11
DRG00720,L MONTUS ADULT,L MONTUS ADULT,136,45,55
0001026,L MONTUS KID 2.5/4MG,L MONTUS KID 2.5/4MG,52,17,21
0002222,LABETALOL INJECTION 100MG/20ML,LABETALOL INJECTION 100MG/20ML,9,3,4
DRG00721,LABETALOL INJECTION 50MG/10ML,LABETALOL INJECTION 50MG/10ML,8,3,3
DRG00722,LABETALOL TABLET 100MG,LABETALOL TABLET 100MG,692,231,277
DRG00723,LABETALOL TABLET 200MG,LABETALOL TABLET 200MG,245,82,98
0001953,LABIXTEN TABLET 20MG,LABIXTEN TABLET 20MG,61,20,24
DRG00725,LACTULOSE SOLUTION,LACTULOSE SOLUTION,12,4,5
DRG00727,LAMISIL CREAM,LAMISIL CREAM,3,1,1
DRG00731,LARGATIL INJECTION,LARGATIL INJECTION,22,7,9
DRG00733,LAVESTEN-C VAGINAL PESSERIES,LAVESTEN-C VAGINAL PESSERIES,17,6,7
DRG00735,LETROZOLE TABLET 2.5MG,LETROZOLE TABLET 2.5MG,8,3,3
0001735,LEVO DENK,LEVO DENK,2,1,1
0002036,LEVOFLOXACIN INJECTION,LEVOFLOXACIN INJECTION,11,4,4
DRG00737,LEVOFLOXACIN TABLET 500MG,LEVOFLOXACIN TABLET 500MG,325,108,130
0002228,LEVOTHYROXINE TABLET 25MCG,LEVOTHYROXINE TABLET 25MCG,31,10,12
0001356,LEVOTHYROXINE TABLET 50MCG,LEVOTHYROXINE TABLET 50MCG,19,6,7
DRG00738,Lexotanil Tablet 1.5mg,Lexotanil Tablet 1.5mg,19,6,7
DRG00740,LEXSPORIN OINTMENT,LEXSPORIN OINTMENT,34,11,14
DRG00742,LEXSPORIN POWDER,LEXSPORIN POWDER,11,4,4
DRG00747,LIMZER CAPSULE,LIMZER CAPSULE,98,33,39
DRG00748,LIPITOR TABLET 10MG,LIPITOR TABLET 10MG,1198,399,479
DRG00749,LIPITOR TABLET 20MG,LIPITOR TABLET 20MG,43,14,17
DRG00751,LIQUID PARAFIN,LIQUID PARAFIN,33,11,13
DRG00753,LISINOPRIL TABLET 10MG,LISINOPRIL TABLET 10MG,242,81,97
DRG00755,LISINOPRIL TABLET 5MG,LISINOPRIL TABLET 5MG,59,20,24
DRG00758,LIV 52 SYRUP,LIV 52 SYRUP,3,1,1
DRG00759,LIV 52 TABLET,LIV 52 TABLET,580,193,232
0000980,LIVER SALT,LIVER SALT,10,3,4
DRG00760,LIVOLIN FORTE,LIVOLIN FORTE,155,52,62
DRG00767,LORATIDINE TABLET 10MG,LORATIDINE TABLET 10MG,541,180,216
DRG00769,Lorazepam Tablet 2mg,Lorazepam Tablet 2mg,3,1,1
DRG00770,LOSAR-DENK TABLET 100MG,LOSAR-DENK TABLET 100MG,156,52,62
DRG00771,LOSAR-DENK TABLET 50MG,LOSAR-DENK TABLET 50MG,304,101,121
DRG00772,LOSARTAN TABLET 100MG,LOSARTAN TABLET 100MG,167,56,67
DRG00773,LOSARTAN TABLET 50MG,LOSARTAN TABLET 50MG,3249,1083,1299
0002075,LOZATY LOZENGES,LOZATY LOZENGES,206,69,82
DRG00774,LUEX ADULT CHESTY COUGH,LUEX ADULT CHESTY COUGH,34,11,14
DRG00776,LUEX CHILD CHESTY COUGH SYRUP,LUEX CHILD CHESTY COUGH SYRUP,21,7,8
DRG00779,LUEX COUGH BABY,LUEX COUGH BABY,45,15,18
DRG00777,LUEX DRY COUGH CHILD,LUEX DRY COUGH CHILD,15,5,6
0000721,LUEX DRY COUGH SYRUP ADULT,LUEX DRY COUGH SYRUP ADULT,33,11,13
DRG00783,LUFART DS,LUFART DS,2,1,1
0000962,LUFART SUSPENSION,LUFART SUSPENSION,2,1,1
DRG00784,LUMBER SUPPORT,LUMBER SUPPORT,2,1,1
0001799,LYDIA DAILY PILL,LYDIA DAILY PILL,23,8,9
0000842,LYDIA POST PILL CONTRACEPTIVE,LYDIA POST PILL CONTRACEPTIVE,3,1,1
DRG00788,LYRICA CAPSULE 75MG,LYRICA CAPSULE 75MG,11,4,4
DRG00789,M2-TONE TABLET,M2-TONE TABLET,29,10,11
DRG00795,MAGNESIUM SULPHATE INJECTION 5G/10ML,MAGNESIUM SULPHATE INJECTION 5G/10ML,7,2,3
DRG00797,MAGNESIUM TRISILICATE MIXTURE,MAGNESIUM TRISILICATE MIXTURE,6,2,2
DRG00798,MALAFAN TABLET,MALAFAN TABLET,111,37,45
DRG00800,MAN UP CAPSULE,MAN UP CAPSULE,6,2,2
DRG00803,MAXALON TABLET (METOCLOPRAMIDE),MAXALON TABLET (METOCLOPRAMIDE),637,212,255
DRG00804,MAXALON(METOCLOPRAMIDE) INJECTION 10,MAXALON(METOCLOPRAMIDE) INJECTION 10,166,55,66
DRG00805,MAXITROL EYE DROP,MAXITROL EYE DROP,7,2,3
DRG00806,MAXITROL EYE OINTMENT,MAXITROL EYE OINTMENT,11,4,4
0001742,MAXX OMEGA,MAXX OMEGA,20,7,8
DRG00813,MENOPACE TABLET,MENOPACE TABLET,0,0,0
DRG00814,MENOTA TABLET (para+tramadol),MENOTA TABLET (para+tramadol),1579,526,632
DRG00815,MENTAT SYRUP,MENTAT SYRUP,6,2,2
DRG00816,MENTAT TABLET,MENTAT TABLET,67,22,27
DRG00817,MENTHODEX SYRUP 100ML,MENTHODEX SYRUP 100ML,12,4,5
DRG00819,MENTHODEX SYRUP 200ML,MENTHODEX SYRUP 200ML,34,11,14
DRG00822,meronem injection 1g,meronem injection 1g,6,2,2
DRG00823,Meronem Injection 500mg,Meronem Injection 500mg,6,2,2
0000029,MEROPENEM INJECTION 1G,MEROPENEM INJECTION 1G,4,1,2
DRG00826,METFORMIN DENK TABLET 1000MG,METFORMIN DENK TABLET 1000MG,612,204,245
DRG00827,METFORMIN DENK TABLET 500MG,METFORMIN DENK TABLET 500MG,1488,496,595
0001822,METFORMIN TAB 1000MG,METFORMIN TAB 1000MG,118,39,47
DRG00830,METHYLATED SPIRIT 125ML (PHARMACY),METHYLATED SPIRIT 125ML (PHARMACY),11,4,4
0002251,METHYLATED SPIRIT 200ML (PHARMACY),METHYLATED SPIRIT 200ML (PHARMACY),2,1,1
DRG00832,METHYLDOPA TABLET 250MG,METHYLDOPA TABLET 250MG,996,332,398
0002104,METHYLDOPA TABLET 500MG,METHYLDOPA TABLET 500MG,40,13,16
DRG00836,METRONIDAZOLE SUSPENSION 100mg/5ml,METRONIDAZOLE SUSPENSION 100mg/5ml,70,23,28
DRG00837,METRONIDAZOLE SUSPENSION 200mg/5ml,METRONIDAZOLE SUSPENSION 200mg/5ml,25,8,10
DRG00838,METRONIDAZOLE TABLET 200MG,METRONIDAZOLE TABLET 200MG,1081,360,433
DRG00839,METRONIDAZOLE TABLET 400MG,METRONIDAZOLE TABLET 400MG,1033,344,413
DRG00840,METRONIDAZOLE TABLET 400MG (UK),METRONIDAZOLE TABLET 400MG (UK),1329,443,532
0000712,METRO-Z SUSPENSION,METRO-Z SUSPENSION,3,1,1
0001364,MICARDIS 80MG TABLET,MICARDIS 80MG TABLET,9,3,4
0000855,MICARDIS TABLET 40MC (TELMISARTAN),MICARDIS TABLET 40MC (TELMISARTAN),9,3,4
DRG00842,MICONAZOLE CREAM,MICONAZOLE CREAM,29,10,11
DRG00844,MICONAZOLE POWDER 2%,MICONAZOLE POWDER 2%,4,1,2
DRG00850,MIST EXPECT SED,MIST EXPECT SED,11,4,4
DRG00851,MIST POTASSIUM CITRATE MIXTURE,MIST POTASSIUM CITRATE MIXTURE,11,4,4
0000915,MOMATE OINTMENT,MOMATE OINTMENT,6,2,2
DRG00853,MONTELUKAST TABLET 10MG,MONTELUKAST TABLET 10MG,146,49,59
DRG00854,MONTELUKAST TABLET 5MG,MONTELUKAST TABLET 5MG,2,1,1
DRG00857,MORPHINE INJECTION10mg/ml,MORPHINE INJECTION10mg/ml,29,10,11
DRG00861,MOTILIUM TABLET 10MG,MOTILIUM TABLET 10MG,168,56,67
DRG00867,MUCOLEX COUGH SYRUP ADULT,MUCOLEX COUGH SYRUP ADULT,167,56,67
DRG00868,MUCOLEX COUGH SYRUP JUNIOR,MUCOLEX COUGH SYRUP JUNIOR,128,43,51
DRG00876,MYCOCORT CREAM 20MG,MYCOCORT CREAM 20MG,14,5,6
DRG00879,MYCOLEX-3 CREAM,MYCOLEX-3 CREAM,21,7,8
0001466,MYOSPAZ TABLET,MYOSPAZ TABLET,477,159,191
0002213,MYOXERIL 10MG(CYCLOBENZAPRINE HYDROCHLORIDE),MYOXERIL 10MG(CYCLOBENZAPRINE HYDROCHLORIDE),99,33,40
DRG00880,NAKLOFEN DUO CAPSULE 75MG,NAKLOFEN DUO CAPSULE 75MG,440,147,176
0002161,NASOALDO NASAL SPRAY 140doses,NASOALDO NASAL SPRAY 140doses,11,4,4
0000960,NAT B CAPSULES,NAT B CAPSULES,248,83,99
DRG00886,NATRILIX SR TABLET 1.5MG,NATRILIX SR TABLET 1.5MG,420,140,168
DRG00887,NATRIXAM TABLET 1.5mg/10mg,NATRIXAM TABLET 1.5mg/10mg,295,98,118
DRG00888,NATRIXAM TABLET 1.5mg/5mg,NATRIXAM TABLET 1.5mg/5mg,83,28,33
0001910,NEBULIZING MASK (LARGE),NEBULIZING MASK (LARGE),40,13,16
0001913,NEBULIZING MASK (MEDIUM),NEBULIZING MASK (MEDIUM),39,13,15
0002223,NEBULIZING MASK (SMALL),NEBULIZING MASK (SMALL),17,6,7
0002269,NEFOPAM HYDROCLORIDE 30MG,NEFOPAM HYDROCLORIDE 30MG,2,1,1
DRG00889,NEO-CORT EYE/EAR DROP,NEO-CORT EYE/EAR DROP,39,13,15
DRG00893,NEO-HYCOLEX EYE/EAR DROP,NEO-HYCOLEX EYE/EAR DROP,53,18,21
DRG00896,NEOVITA CAPSULE,NEOVITA CAPSULE,271,90,108
DRG00898,NEUROBION TABLET,NEUROBION TABLET,44,15,18
0001230,NEXCOFER CAPSULE,NEXCOFER CAPSULE,522,174,209
DRG00902,NEXCOFER SYRUP,NEXCOFER SYRUP,92,31,37
DRG00904,NEXIUM INJECTION 40mg,NEXIUM INJECTION 40mg,40,13,16
DRG00905,NEXIUM SACHET 10MG,NEXIUM SACHET 10MG,392,131,157
DRG00907,NEXIUM TABLET 20MG,NEXIUM TABLET 20MG,520,173,208
DRG00908,NEXIUM TABLET 40MG,NEXIUM TABLET 40MG,405,135,162
DRG00910,NIFECARD XL TABLET 30MG,NIFECARD XL TABLET 30MG,1747,582,699
DRG00912,NIFEDI-DENK 20MG,NIFEDI-DENK 20MG,6757,2252,2703
DRG00918,Nitrofurantoin Tablet 100mg,Nitrofurantoin Tablet 100mg,1,0,0
DRG00920,NIZORAL CREAM,NIZORAL CREAM,6,2,2
DRG00921,NIZORAL SHAMPOO,NIZORAL SHAMPOO,3,1,1
DRG00766,NODIUM (Loperamide) CAPSULE,NODIUM (Loperamide) CAPSULE,90,30,36
DRG00922,Nootropil Tablet 800mg,Nootropil Tablet 800mg,20,7,8
0001921,NORMAGUT,NORMAGUT,131,44,52
DRG00925,NORVASC TABLET 10MG,NORVASC TABLET 10MG,96,32,38
DRG00926,NORVASC TABLET 5MG,NORVASC TABLET 5MG,48,16,19
DRG00927,NOSPA INJECTION 40MG,NOSPA INJECTION 40MG,108,36,43
DRG01565,NOSPA TABLET 40MG,NOSPA TABLET 40MG,1217,406,487
DRG00928,NOSTAMINE EYE/EAR DROP,NOSTAMINE EYE/EAR DROP,24,8,10
DRG00931,NOVOFINE NEEDLES 30G,NOVOFINE NEEDLES 30G,89,30,36
DRG00933,NOVOMIX FLEXPEN,NOVOMIX FLEXPEN,43,14,17
DRG00935,NUCLEO-CMP CAPSULES,NUCLEO-CMP CAPSULES,974,325,389
DRG01567,NUGEL SUSPENSION,NUGEL SUSPENSION,47,16,19
DRG01568,NUGEL-O SUSPENSION,NUGEL-O SUSPENSION,36,12,15
DRG00937,NUTRIMUM BREASTFEEDING POWDER,NUTRIMUM BREASTFEEDING POWDER,44,15,18
DRG00938,NUTRIMUM CAPSULES,NUTRIMUM CAPSULES,240,80,96
0001947,OIL-TU SOAP,OIL-TU SOAP,1,0,0
DRG00947,Olanzapine Tablet 5mg,Olanzapine Tablet 5mg,2,1,1
0002156,OLIVE OIL EAR DROP,OLIVE OIL EAR DROP,3,1,1
0001053,OLOPATADINE EYE DROPS,OLOPATADINE EYE DROPS,6,2,2
DRG00952,OMEPRAZOLE INJECTION 40MG,OMEPRAZOLE INJECTION 40MG,135,45,54
DRG01573,OMEPRAZOLE TABLET 20MG,OMEPRAZOLE TABLET 20MG,3823,1274,1529
DRG00955,Ondansetron Injection 2mg/ml,Ondansetron Injection 2mg/ml,3,1,1
0001802,ONDANSETRON SOLUBLE 4MG,ONDANSETRON SOLUBLE 4MG,8,3,3
DRG00956,ONDANSETRON TABLET 4MG,ONDANSETRON TABLET 4MG,99,33,40
DRG00958,ONDANSETRON TABLET 8MG,ONDANSETRON TABLET 8MG,44,15,18
0002095,OPTILEX EYE DROP 10ML,OPTILEX EYE DROP 10ML,3,1,1
0000742,ORAL REHYDRATION SAL (FLAVOURED),ORAL REHYDRATION SAL (FLAVOURED),79,26,32
DRG00966,ORAL REHYDRATION SALT (PLAIN),ORAL REHYDRATION SALT (PLAIN),237,79,95
DRG00968,ORELOX SUSPENSION 100ML,ORELOX SUSPENSION 100ML,13,4,5
DRG00969,ORELOX TABLET 100MG,ORELOX TABLET 100MG,56,19,22
DRG00970,ORELOX TABLET 200MG,ORELOX TABLET 200MG,111,37,44
0002157,ORTHOCARE GEL,ORTHOCARE GEL,35,12,14
DRG00972,OSTEOCARE TABLET,OSTEOCARE TABLET,348,116,139
DRG00973,OTRIVIN NASAL DROP ADULT,OTRIVIN NASAL DROP ADULT,33,11,13
DRG00975,OTRIVIN NASAL DROP CHILD,OTRIVIN NASAL DROP CHILD,59,20,24
0002274,OTRIVIN NASAL SPRAY ADULT,OTRIVIN NASAL SPRAY ADULT,2,1,1
0001944,OXYBUTYNIN TABLET 2.5MG,OXYBUTYNIN TABLET 2.5MG,74,25,29
0001943,OXYBUTYNIN TABLET 5MG,OXYBUTYNIN TABLET 5MG,55,18,22
0000265,OXYGEN NASAL CANNULA (ADULT),OXYGEN NASAL CANNULA (ADULT),22,7,9
DRG00885,OXYGEN NASAL CANNULA (NEONATE),OXYGEN NASAL CANNULA (NEONATE),17,6,7
DRG00978,OXYTOCIN INJECTION 10 UNIT,OXYTOCIN INJECTION 10 UNIT,50,17,20
0002114,OZICAL TABLET,OZICAL TABLET,228,76,91
DRG00982,P.O.P. 6 INCHES,P.O.P. 6 INCHES,4,1,2
DRG00983,P.O.P. 8 INCHES,P.O.P. 8 INCHES,2,1,1
DRG00991,PARACETAMOL INFUSION 1G,PARACETAMOL INFUSION 1G,1451,484,581
0002049,PARACETAMOL SUPPO 250MG DENK,PARACETAMOL SUPPO 250MG DENK,3,1,1
DRG01583,PARACETAMOL SUPPOSITORY 125MG,PARACETAMOL SUPPOSITORY 125MG,304,101,122
0000713,PARACETAMOL SUPPOSITORY 1G,PARACETAMOL SUPPOSITORY 1G,61,20,24
DRG00990,PARACETAMOL SUPPOSITORY 250MG,PARACETAMOL SUPPOSITORY 250MG,471,157,189
0001337,PARACETAMOL SUPPOSITORY 500MG,PARACETAMOL SUPPOSITORY 500MG,9,3,4
DRG00993,PARACETAMOL SYRUP,PARACETAMOL SYRUP,383,128,153
DRG00994,PARACETAMOL SYRUP UK,PARACETAMOL SYRUP UK,4,1,2
0002316,PARACETAMOL TABLET (ENTRAMOL),PARACETAMOL TABLET (ENTRAMOL),9,3,4
DRG00996,PARACETAMOL TABLET 500MG,PARACETAMOL TABLET 500MG,19400,6467,7760
DRG00997,PARACETAMOL TABLET UK,PARACETAMOL TABLET UK,502,167,201
DRG00999,PARENTHROVITE INJECTION 1&2,PARENTHROVITE INJECTION 1&2,30,10,12
0000714,PATANOL EYE DROP,PATANOL EYE DROP,6,2,2
0002276,PECOS TABLET,PECOS TABLET,13,4,5
DRG01003,Penicillin V Tablet 125mg,Penicillin V Tablet 125mg,123,41,49
DRG01007,PERMETHRIN SOAP,PERMETHRIN SOAP,2,1,1
0002040,PETHIDINE INJECTION 100MG/2ML,PETHIDINE INJECTION 100MG/2ML,72,24,29
DRG01010,phenobabitone injection,phenobabitone injection,1,0,0
DRG01011,PHLEBODIA TABLET 600mg,PHLEBODIA TABLET 600mg,184,61,73
DRG01012,PHLORO-G (PHLOROGLUCINOL) 80MG TABLET,PHLORO-G (PHLOROGLUCINOL) 80MG TABLET,33,11,13
0000723,PILEX OINTMENT,PILEX OINTMENT,3,1,1
DRG0002147,PILEX TABLET,PILEX TABLET,11,4,4
DRG01014,PIRITIN SYRUP LOCAL,PIRITIN SYRUP LOCAL,46,15,19
0000710,PIRITIN SYRUP ORIGINAL,PIRITIN SYRUP ORIGINAL,21,7,8
DRG01589,PLENDIL TABLET 10MG,PLENDIL TABLET 10MG,92,31,37
DRG00380,PLENDIL TABLET 5MG,PLENDIL TABLET 5MG,88,29,35
0001986,POLAR ICE (MEDICAL),POLAR ICE (MEDICAL),29,10,11
DRG01592,polygynax,polygynax,8,3,3
0002210,POSITON CREAM,POSITON CREAM,1,0,0
DRG01020,POTASSIUM CHLORIDE INJECTION 20mEq/10mls,POTASSIUM CHLORIDE INJECTION 20mEq/10mls,10,3,4
DRG01021,Potassium Citrate Mixture bp,Potassium Citrate Mixture bp,1,0,0
DRG01026,PREDNISOLONE TABLET 5mg,PREDNISOLONE TABLET 5mg,2135,712,854
DRG01028,PREGABALIN TABLET 75MG,PREGABALIN TABLET 75MG,1668,556,667
0001299,PREGNACARE PLUS TABLET,PREGNACARE PLUS TABLET,733,244,293
DRG01030,PREGNACARE TABLET (19 VITAMINS),PREGNACARE TABLET (19 VITAMINS),128,43,51
DRG01032,PRE-MECO CAPS 75MG,PRE-MECO CAPS 75MG,437,146,175
DRG01036,PRIMOLUT DEPOT INJECTION 250,PRIMOLUT DEPOT INJECTION 250,1,0,0
DRG01038,PRIMOLUT-N TABLET (NORETHISTERONE) 5,PRIMOLUT-N TABLET (NORETHISTERONE) 5,76,25,30
DRG01045,PROMETHAZINE INJECTION 50MG/2ML,PROMETHAZINE INJECTION 50MG/2ML,35,12,14
DRG01046,PROMETHAZINE SYRUP,PROMETHAZINE SYRUP,3,1,1
DRG01043,PROMETHAZINE TABLET 25MG,PROMETHAZINE TABLET 25MG,88,29,35
DRG01050,Propylthiouracil Tablet 50mg,Propylthiouracil Tablet 50mg,11,4,4
0000954,PROSTACARE CAPSULES,PROSTACARE CAPSULES,142,47,57
DRG01051,PROSTAT CAPSULES,PROSTAT CAPSULES,66,22,26
DRG01054,PROXEED PLUS,PROXEED PLUS,7,2,3
DRG01055,PROXEED WOMAN,PROXEED WOMAN,2,1,1
DRG01061,PULMICORT NEBULES 0.25MG,PULMICORT NEBULES 0.25MG,31,10,12
DRG01060,PULMICORT NEBULES 0.5MG,PULMICORT NEBULES 0.5MG,67,22,27
DRG01068,RABEPRAZOLE TABLET 20MG,RABEPRAZOLE TABLET 20MG,314,105,125
0002063,REFRESH LIQUIGEL,REFRESH LIQUIGEL,0,0,0
DRG01072,REFRESH TEARS EYE DROP,REFRESH TEARS EYE DROP,7,2,3
DRG01077,RENALKA SYRUP,RENALKA SYRUP,6,2,2
0001360,RENERVE PLUS -BT CAPS,RENERVE PLUS -BT CAPS,128,43,51
DRG01079,RENERVE PLUS CAPSULES,RENERVE PLUS CAPSULES,83,28,33
0002270,RENNIE MENTHE MINT TABLET,RENNIE MENTHE MINT TABLET,15,5,6
0002154,RESTWELL MELATONIN 6MG TABLET,RESTWELL MELATONIN 6MG TABLET,58,19,23
0001300,REZEN TABLET,REZEN TABLET,442,147,177
DRG01085,RHOCLONE INJECTION 300MCG,RHOCLONE INJECTION 300MCG,1,0,0
DRG01089,Risperidone Tablet 2mg,Risperidone Tablet 2mg,11,4,4
0002241,RITALIN TABLET 10MG,RITALIN TABLET 10MG,8,3,3
0001941,RIVAROXABAN TABLET 10MG,RIVAROXABAN TABLET 10MG,111,37,44
0001985,RIVAROXABAN TABLET 15MG,RIVAROXABAN TABLET 15MG,98,33,39
0001942,RIVAROXABAN TABLET 20MG,RIVAROXABAN TABLET 20MG,59,20,24
DRG01090,Rivotril Tablet 2mg,Rivotril Tablet 2mg,1,0,0
DRG01091,ROBAXIN TABLET 750MG,ROBAXIN TABLET 750MG,234,78,94
DRG01094,ROCEPHIN INJECTION 1G,ROCEPHIN INJECTION 1G,109,36,44
DRG01095,ROCEPHIN INJECTION 2G,ROCEPHIN INJECTION 2G,95,32,38
DRG01096,ROSUVASTATIN DENK 10MG,ROSUVASTATIN DENK 10MG,20,7,8
DRG01097,ROSUVASTATIN TABLET 10MG,ROSUVASTATIN TABLET 10MG,587,196,235
DRG01098,ROSUVASTATIN TABLET 20MG,ROSUVASTATIN TABLET 20MG,603,201,241
DRG01107,SALINE NASAL DROP,SALINE NASAL DROP,104,35,42
DRG01109,SAMOCID TINCTURE,SAMOCID TINCTURE,1,0,0
DRG01119,SECNIDAZOLE TABLET 1G,SECNIDAZOLE TABLET 1G,73,24,29
DRG01122,SELEVITE MULTIVITAMIN TABLET,SELEVITE MULTIVITAMIN TABLET,720,240,288
DRG01124,SELEVITE-P TABLET,SELEVITE-P TABLET,221,74,88
DRG01126,SEPTILIN SYRUP,SEPTILIN SYRUP,8,3,3
DRG01127,SEPTILIN TABLET,SEPTILIN TABLET,208,69,83
DRG01128,SEPTRIN TABLET,SEPTRIN TABLET,383,128,153
0002120,SERDERAX TABLET 10/2.5MG,SERDERAX TABLET 10/2.5MG,112,37,45
0002119,SERDERAX TABLET 5/1.25MG,SERDERAX TABLET 5/1.25MG,83,28,33
DRG01129,Seretide Acchaler 50/250,Seretide Acchaler 50/250,1,0,0
0002121,SERGLIRON TABLET 60MG,SERGLIRON TABLET 60MG,22,7,9
0001952,SEROCORT 250 INHALER,SEROCORT 250 INHALER,1,0,0
0001967,SEROCORT INHALER 125MG,SEROCORT INHALER 125MG,1,0,0
0002151,SERPERAM TABLET 5MG/5MG,SERPERAM TABLET 5MG/5MG,10,3,4
DRG01131,SERTRALINE TABLET 50MG,SERTRALINE TABLET 50MG,1,0,0
DRG01133,SEVEN SEAS JOINTCARE TABLET,SEVEN SEAS JOINTCARE TABLET,7,2,3
DRG01138,SILVER SULPHADIAZINE CREAM 1%,SILVER SULPHADIAZINE CREAM 1%,4,1,2
DRG01140,SIRDALUD TABLET 2MG,SIRDALUD TABLET 2MG,834,278,334
DRG01142,SIRDALUD TABLET 4MG,SIRDALUD TABLET 4MG,606,202,242
DRG01147,SOFF BAND 2 INCHES,SOFF BAND 2 INCHES,3,1,1
DRG01149,SOFF BAND 6 INCHES,SOFF BAND 6 INCHES,7,2,3
DRG01150,SOFF BAND 8 INCHES,SOFF BAND 8 INCHES,6,2,2
DRG01151,SOLUBLE ASPIRIN TABLET 75MG,SOLUBLE ASPIRIN TABLET 75MG,1825,608,730
0001060,SOMAZINA INJECTION,SOMAZINA INJECTION,19,6,7
0000620,SOMAZINA SOLUTION 1000MG,SOMAZINA SOLUTION 1000MG,1,0,0
DRG01156,SPEMAN TABLET,SPEMAN TABLET,44,15,18
DRG01159,SPIRONOLACTONE TABLET 25MG,SPIRONOLACTONE TABLET 25MG,208,69,83
0001271,STOMOCAINE SUSPENSION,STOMOCAINE SUSPENSION,54,18,22
DRG01171,STOPKOF SYRUP ADULT,STOPKOF SYRUP ADULT,29,10,11
DRG01169,STOPKOF SYRUP CHILD,STOPKOF SYRUP CHILD,13,4,5
DRG01173,STUGERON TABLET 25MG,STUGERON TABLET 25MG,251,84,101
DRG01175,SUDOCREM,SUDOCREM,1,0,0
0001064,SUMATRIPTAN TABLETS 100MG,SUMATRIPTAN TABLETS 100MG,2,1,1
DRG01180,SUPIROCIN OINTMENT,SUPIROCIN OINTMENT,32,11,13
DRG01184,SYMBICORT 160/4.5 120 DOSES,SYMBICORT 160/4.5 120 DOSES,15,5,6
DRG01186,SYMBICORT 80/4.5 60 DOSES,SYMBICORT 80/4.5 60 DOSES,3,1,1
0002062,SYNTREXA TABLET 10MG,SYNTREXA TABLET 10MG,109,36,44
0000914,TACROZ FORTE OINTMENT,TACROZ FORTE OINTMENT,2,1,1
0001501,TADALFIL 5MG TABS,TADALFIL 5MG TABS,36,12,15
DRG01187,TADOL 100MG RETARD,TADOL 100MG RETARD,13,4,5
DRG01188,TADOL TABLET 50MG,TADOL TABLET 50MG,64,21,26
DRG01189,TALGENTIS TABLET 5MG,TALGENTIS TABLET 5MG,188,63,75
DRG01190,TAMSULOSIN CAPSULES 400MG,TAMSULOSIN CAPSULES 400MG,611,204,244
DRG01191,TAVANIC TABLET 500MG,TAVANIC TABLET 500MG,10,3,4
0001473,TAVANINC IV 500MG,TAVANINC IV 500MG,1,0,0
0001054,TEARLANT EYE DROPS,TEARLANT EYE DROPS,8,3,3
DRG01194,TEARS NATURALE EYE DROP,TEARS NATURALE EYE DROP,22,7,9
DRG01197,TEGRETOL CR TABLET 200MG,TEGRETOL CR TABLET 200MG,6,2,2
0001353,TEGRETOL SYRUP 100ML,TEGRETOL SYRUP 100ML,1,0,0
0002214,TELMISARTAN -H 80/12.5MG,TELMISARTAN -H 80/12.5MG,17,6,7
DRG01198,TELMISARTAN TABLET 40MG,TELMISARTAN TABLET 40MG,83,28,33
0000910,TELMISARTAN TABLET 80MG,TELMISARTAN TABLET 80MG,58,19,23
0001491,TELMISARTAN/HCTZ TABLET 40MG/12.5MG,TELMISARTAN/HCTZ TABLET 40MG/12.5MG,17,6,7
0002300,TELOVA TABLET,TELOVA TABLET,14,5,6
DRG01199,Tenofovir Tablet 300mg,Tenofovir Tablet 300mg,26,9,11
DRG01202,Terbinafine Tablet 250mg,Terbinafine Tablet 250mg,6,2,2
DRG01204,TETANOL TOXOID INJECTION,TETANOL TOXOID INJECTION,6,2,2
DRG01206,TETRACYCLINE EYE OINTMENT 1%,TETRACYCLINE EYE OINTMENT 1%,1,0,0
DRG01208,THROAT LOZENGES,THROAT LOZENGES,64,21,25
DRG01209,TIMOLOL MALEATE EYE DROP 0.5%,TIMOLOL MALEATE EYE DROP 0.5%,4,1,2
DRG01220,TOTHEMA,TOTHEMA,1066,355,426
DRG01222,TRAMADOL CAPSULE 50MG,TRAMADOL CAPSULE 50MG,18,6,7
DRG01633,TRAMADOL INJECTION 100mg/ml,TRAMADOL INJECTION 100mg/ml,34,11,14
DRG01223,TRAMADOL INJECTION 50mg/ml,TRAMADOL INJECTION 50mg/ml,1,0,0
DRG01225,TRANEXAMIC ACID INJECTION,TRANEXAMIC ACID INJECTION,89,30,36
DRG01226,TRANEXAMIC ACID TABLET 500MG,TRANEXAMIC ACID TABLET 500MG,264,88,106
0001266,TRENTAL TABLET 400MG,TRENTAL TABLET 400MG,7,2,3
DRG01227,TRESIBA FLEXPEN INJECTION,TRESIBA FLEXPEN INJECTION,2,1,1
DRG0002125,TREVIAMET 50/500,TREVIAMET 50/500,46,15,18
0002116,TREVIAMET TABS 50/1000,TREVIAMET TABS 50/1000,54,18,22
DRG01231,TRIPLIXAM 10/2.5/10MG,TRIPLIXAM 10/2.5/10MG,370,123,148
0001925,TRIPLIXAM TABLET 10/2.5/5MG,TRIPLIXAM TABLET 10/2.5/5MG,20,7,8
DRG01232,TRIPLIXAM TABLET 5/1.25/10MG,TRIPLIXAM TABLET 5/1.25/10MG,40,13,16
DRG01233,TRIPLIXAM TABLET 5/1.25/5MG,TRIPLIXAM TABLET 5/1.25/5MG,106,35,42
0000849,TWYNSTA CAPSULE 80MG/5MG,TWYNSTA CAPSULE 80MG/5MG,7,2,3
0000876,TWYNSTA CAPSULES 80MG/10MG,TWYNSTA CAPSULES 80MG/10MG,3,1,1
0002248,TYLENOL CAPLET (EXTRA STRONG),TYLENOL CAPLET (EXTRA STRONG),26,9,11
0002041,TYLENOL CAPSULE,TYLENOL CAPSULE,190,63,76
0001770,TYLENOL TABLET EXTRA STRONG SACHET,TYLENOL TABLET EXTRA STRONG SACHET,2,1,1
0002089,VALERIAN TABLET (TAGARA),VALERIAN TABLET (TAGARA),116,39,46
DRG01242,VENTOLIN INHALER,VENTOLIN INHALER,14,5,6
DRG01243,VENTOLIN NEBULES 2.5MG,VENTOLIN NEBULES 2.5MG,335,112,134
DRG01244,VENTOLIN NEBULES 5MG,VENTOLIN NEBULES 5MG,40,13,16
DRG01247,VERMOX SUSPENSION,VERMOX SUSPENSION,2,1,1
DRG01248,VERMOX TABLET 500MG,VERMOX TABLET 500MG,37,12,15
0000854,VISCOF SYRUP (PLAIN),VISCOF SYRUP (PLAIN),2,1,1
DRG01254,VISCOF-D SYRUP,VISCOF-D SYRUP,9,3,4
DRG01255,VISCOF-S SYRUP,VISCOF-S SYRUP,3,1,1
DRG01256,VITAFIZZ EFFEVESCENCE TABLET,VITAFIZZ EFFEVESCENCE TABLET,12,4,5
DRG01258,VITAFOL TABLET,VITAFOL TABLET,213,71,85
DRG01259,VITAFORCE SYRUP,VITAFORCE SYRUP,18,6,7
0000745,VITAKIN CAPSULES,VITAKIN CAPSULES,343,114,137
0002105,VITAMIN A 5000IU TABLET,VITAMIN A 5000IU TABLET,11,4,4
DRG01266,VITAMIN B COMPLEX INJECTION,VITAMIN B COMPLEX INJECTION,104,35,41
DRG01267,VITAMIN B COMPLEX STRONG TABLET,VITAMIN B COMPLEX STRONG TABLET,155,52,62
DRG01269,VITAMIN B COMPLEX TABLET,VITAMIN B COMPLEX TABLET,1118,373,447
DRG01270,VITAMIN B DENK TABLET,VITAMIN B DENK TABLET,595,198,238
0001472,VITAMIN B1 TABLET 100MG,VITAMIN B1 TABLET 100MG,14,5,6
DRG01239,VITAMIN C EFFERVESCENCE TABLET (VALUPACK),VITAMIN C EFFERVESCENCE TABLET (VALUPACK),61,20,25
DRG01273,VITAMIN C EFFERVESCENT 1G + ZINC TABLETS (VALUPAK),VITAMIN C EFFERVESCENT 1G + ZINC TABLETS (VALUPAK),257,86,103
DRG01274,VITAMIN C PLUS SYRUP,VITAMIN C PLUS SYRUP,4,1,2
DRG01275,VITAMIN C SYRUP,VITAMIN C SYRUP,156,52,62
DRG01277,VITAMIN C SYRUP BELLS,VITAMIN C SYRUP BELLS,9,3,4
DRG01278,VITAMIN C TABLET 100MG,VITAMIN C TABLET 100MG,2247,749,899
DRG01281,VITAMIN C TABLET 500MG,VITAMIN C TABLET 500MG,1277,426,511
DRG01287,VITAMIN D3 1000IU TABLET,VITAMIN D3 1000IU TABLET,17,6,7
DRG01285,vitamin d3 5000iu,vitamin d3 5000iu,7,2,3
0002227,VITAMIN D3 INFANT 400IU TABLET,VITAMIN D3 INFANT 400IU TABLET,10,3,4
DRG01290,VITAMIN E CAPSULE 200IU,VITAMIN E CAPSULE 200IU,13,4,5
DRG01291,VITAMIN E CAPSULE 400IU,VITAMIN E CAPSULE 400IU,96,32,38
DRG01292,VITAMIN K1 INJECTION 1mg/ml,VITAMIN K1 INJECTION 1mg/ml,19,6,7
DRG01301,VOLTFAST POWDER,VOLTFAST POWDER,68,23,27
DRG01304,VOMI SUPPOSITORY 10MG,VOMI SUPPOSITORY 10MG,51,17,20
DRG01305,VOMI SUPPOSITORY 30MG,VOMI SUPPOSITORY 30MG,48,16,19
DRG01306,Warfarin Tablet 5mg,Warfarin Tablet 5mg,3,1,1
0001171,WELLKID SOFT JELLY PASTILLES,WELLKID SOFT JELLY PASTILLES,7,2,3
0000324,WELLMAN 70+ TABLET,WELLMAN 70+ TABLET,25,8,10
0000765,WELLMAN MAX L/S TABLET,WELLMAN MAX L/S TABLET,84,28,33
0000766,WELLMAN ORIGINAL L/S,WELLMAN ORIGINAL L/S,46,15,18
DRG01313,WELLMAN TABLET 50+,WELLMAN TABLET 50+,26,9,11
0001177,WELLWOMAN 70+ TABLET,WELLWOMAN 70+ TABLET,51,17,20
DRG01317,WELLWOMAN CAPSULE 50+,WELLWOMAN CAPSULE 50+,106,35,42
DRG01316,WELLWOMAN CAPSULE PLUS OMEGA 3 6 9,WELLWOMAN CAPSULE PLUS OMEGA 3 6 9,55,18,22
0001796,WELLWOMAN MAX CAPS,WELLWOMAN MAX CAPS,147,49,59
DRG01315,WELLWOMAN ORIGINAL CAPSULE,WELLWOMAN ORIGINAL CAPSULE,215,72,86
0001465,WELTEK ENZO,WELTEK ENZO,6,2,2
DRG01318,WELTEK NEURO CAPSULE,WELTEK NEURO CAPSULE,33,11,13
DRG01319,WHITFIELD OINTMENT,WHITFIELD OINTMENT,1,0,0
DRG01322,WORMBAT TABLET 400MG,WORMBAT TABLET 400MG,14,5,6
DRG01325,XALATAN EYE DROP,XALATAN EYE DROP,4,1,2
DRG01328,XARELTO TABLET 10MG,XARELTO TABLET 10MG,117,39,47
DRG01326,XARELTO TABLET 15MG,XARELTO TABLET 15MG,78,26,31
DRG01327,XARELTO TABLET 20MG,XARELTO TABLET 20MG,77,26,31
0001980,XIGDUO XR TABLET 10/1000MG,XIGDUO XR TABLET 10/1000MG,46,15,18
0001175,XIGDUO XR TABLET 5/1000MG,XIGDUO XR TABLET 5/1000MG,52,17,21
0001978,XYLO ACINO SPRAY ADULT,XYLO ACINO SPRAY ADULT,4,1,2
DRG01336,XYLOMETAZOLINE NASAL DROP 0.05%,XYLOMETAZOLINE NASAL DROP 0.05%,20,7,8
DRG01337,XYLOMETAZOLINE NASAL DROP 0.10%,XYLOMETAZOLINE NASAL DROP 0.10%,33,11,13
DRG01339,ZEMAN CAPSULES,ZEMAN CAPSULES,119,40,48
0002113,ZEMCIFER SUSPENSION,ZEMCIFER SUSPENSION,6,2,2
DRG01340,ZEMCIFER TABLET,ZEMCIFER TABLET,74,25,29
DRG01341,ZENTEL SUSPENSION,ZENTEL SUSPENSION,26,9,11
DRG01342,ZENTEL TABLET,ZENTEL TABLET,28,9,11
0002111,ZEROCID PLUS SUSPENSION,ZEROCID PLUS SUSPENSION,4,1,2
0002112,ZEROCID SUSPENSION 200ML,ZEROCID SUSPENSION 200ML,6,2,2
DRG01344,ZINC OXIDE OINTMENT,ZINC OXIDE OINTMENT,3,1,1
DRG01345,ZINC TABLET 10MG,ZINC TABLET 10MG,259,86,103
DRG01346,ZINC TABLET 20MG,ZINC TABLET 20MG,866,289,346
0002259,ZINCIVITE TABLET,ZINCIVITE TABLET,97,32,39
DRG01347,ZINCOFER CAPSULE,ZINCOFER CAPSULE,327,109,131
DRG01348,ZINCOFER SYRUP,ZINCOFER SYRUP,50,17,20
DRG01349,ZINCOVIT DROP,ZINCOVIT DROP,7,2,3
DRG01350,ZINCOVIT SYRUP,ZINCOVIT SYRUP,68,23,27
DRG01351,ZINCOVIT TABLET,ZINCOVIT TABLET,699,233,279
DRG01352,ZINNAT SUSPENSION 125/5ML 100ML,ZINNAT SUSPENSION 125/5ML 100ML,19,6,7
DRG01353,ZINNAT SUSPENSION 125MG/5ML 50ML,ZINNAT SUSPENSION 125MG/5ML 50ML,2,1,1
DRG01354,ZINNAT TABLET 250MG,ZINNAT TABLET 250MG,92,31,37
DRG01355,ZINNAT TABLET 500MG,ZINNAT TABLET 500MG,265,88,106
0001963,ZINVITE CAPS,ZINVITE CAPS,54,18,22
0001366,ZINVITE SYRUP,ZINVITE SYRUP,34,11,14
DRG01356,ZITHROMAX CAPSULES 250MG,ZITHROMAX CAPSULES 250MG,141,47,56
DRG01360,ZITHROMAX SUSPENSION 200mg/5ml,ZITHROMAX SUSPENSION 200mg/5ml,14,5,6
0002262,ZULU EXTRA TABLET,ZULU EXTRA TABLET,89,30,36
DRG01362,ZULU TABLET,ZULU TABLET,44,15,18
DRG01365,	ZYCARD PLUS TABLET,	ZYCARD PLUS TABLET,	211, 70,	84
DRG01363,	ZYCARD TABLET 16MG,	ZYCARD TABLET 16MG,	43,	14,	17
DRG01364,	ZYCARD TABLET 8MG,	ZYCARD TABLET 8MG,	73,	24,	29
DRG01366,	ZYFEN SUSPENSION,	ZYFEN SUSPENSION,	4, 1,	2
DRG01367,	ZYFEN TABLET 120MG,	ZYFEN TABLET 120MG,	28,	9,11
0000741,	ZYFEN TABLET 180MG,	ZYFEN TABLET 180MG,	46,	15,	18
